fbus,tbus,r,x,b,ratea,rateb,ratec,ratio,angle,status,angmin,angmax
1,2,0.00281,0.0281,0.00712,60,60,60,0,0,1,-360,360
1,3,0.00281,0.0281,0.00712,60,60,60,0,0,1,-360,360
1,4,0.00281,0.0281,0.00712,60,60,60,0,0,1,-360,360
1,5,0.00281,0.0281,0.00712,60,60,60,0,0,1,-360,360
1,6,0.00281,0.0281,0.00712,60,60,60,0,0,1,-360,360
2,5,0.00281,0.0281,0.00712,60,60,60,0,0,1,-360,360
2,6,0.00281,0.0281,0.00712,60,60,60,0,0,1,-360,360
4,6,0.00281,0.0281,0.00712,60,60,60,0,0,1,-360,360