scenario_name,annual_cost,gen_nuclear,gen_solar,gen_cost_nuclear,gen_cost_solar,avail_gen_nuclear,avail_gen_solar,avail_gen_gas,avail_gen_battery1,avail_gen_wind,avail_gen_battery2,capacity_factor_nuclear,capacity_factor_solar,gen_battery1,gen_cost_battery1,capacity_factor_battery1,gen_wind,gen_cost_wind,capacity_factor_wind,gen_battery2,gen_cost_battery2,capacity_factor_battery2,installed_capacity,initial_investment,annual_costs,npv_10y,npv_20y,npv_30y,annuity_10y,annuity_20y,annuity_30y
scenario_3,2769095.3,553819.1,127441.6,2769095.3,0.0,0,0,13000.0,1578.4,0.0,2860.0,0.0,0.0,-18.4,0.0,-0.01,86182.9,0.0,0.0,,,,"{'wind': 3.1591000000000005, 'solar': 0.0, 'battery1': 30.0, 'battery2': 55.0}",22290920.0,3399913.6999999997,-45104617.67637617,-61071747.52908498,-66478924.540265545,6721918.110187407,6220292.382527094,5905152.241257938
scenario_1,3195547.3,639109.5,128315.6,3195547.3,0.0,0,0,13000.0,1560.0,409.0,2860.0,0.0,0.0,,,,,,,,,,"{'wind': 3.1591000000000005, 'solar': 0.0, 'battery1': 30.0, 'battery2': 55.0}",22290920.0,3826365.6999999997,-47966145.30911754,-65258716.12728652,-71279828.76250896,7148370.110187406,6646744.3825270925,6331604.241257939
scenario_2,3195590.2,639118.0,128315.6,3195590.2,0.0,0,0,13000.0,1568.6,409.0,2860.0,0.0,0.0,-8.6,0.0,-0.01,,,,,,,"{'wind': 3.1591000000000005, 'solar': 0.0, 'battery1': 30.0, 'battery2': 55.0}",22290920.0,3826408.6,-47966433.17160957,-65259137.32581033,-71280311.7214144,7148413.010187408,6646787.282527095,6331647.141257941
scenario_4,3406250.8,681250.2,,3406250.8,,0,0,13000.0,1567.9,0.0,2860.0,0.0,,-7.9,0.0,-0.01,86182.9,0.0,0.0,0.0,0.0,0.0,"{'wind': 3.1591000000000005, 'solar': 0.0, 'battery1': 30.0, 'battery2': 55.0}",22290920.0,4037069.1999999997,-49379982.94515941,-67327434.14955202,-73651883.11514762,7359073.610187408,6857447.8825270925,6542307.741257939
