{
  "season_costs": {
    "winter": 361325.9592962409,
    "summer": 212097.76684999999,
    "spri_autu": 269971.85168130154
  },
  "annual_cost": 14473776.583614971,
  "calculation": {
    "winter": {
      "cost": 361325.9592962409,
      "weeks": 13,
      "subtotal": 4697237.470851132
    },
    "summer": {
      "cost": 212097.76684999999,
      "weeks": 13,
      "subtotal": 2757270.96905
    },
    "spri_autu": {
      "cost": 269971.85168130154,
      "weeks": 26,
      "subtotal": 7019268.14371384
    }
  },
  "timestamp": "2025-04-01T21:52:36.428484"
}