{
  "season_costs": {
    "winter": 289559.6884936707,
    "summer": 127028.52481111129,
    "spri_autu": 192206.39457689042
  },
  "annual_cost": 10413013.031961318,
  "calculation": {
    "winter": {
      "cost": 289559.6884936707,
      "weeks": 13,
      "subtotal": 3764275.9504177193
    },
    "summer": {
      "cost": 127028.52481111129,
      "weeks": 13,
      "subtotal": 1651370.8225444467
    },
    "spri_autu": {
      "cost": 192206.39457689042,
      "weeks": 26,
      "subtotal": 4997366.258999151
    }
  },
  "timestamp": "2025-04-09T22:31:44.734954"
}