{
  "cv_mae": {
    "Manual": 0.003658806436030873,
    "BSFS": 0.0035977808181131485,
    "FwdSFS": 0.0035571716574627687,
    "BayesOpt": 0.0036321376210133524
  },
  "gbt_metrics": {
    "Manual": {
      "MAE": 0.0037472395203311313,
      "RMSE": 0.006526429641923057,
      "R2": 0.9992362262936787
    },
    "BSFS": {
      "MAE": 0.0037349469146278833,
      "RMSE": 0.006585028539681827,
      "R2": 0.9992224493201639
    },
    "FwdSFS": {
      "MAE": 0.0034719399462048318,
      "RMSE": 0.006156797424454463,
      "R2": 0.9993202908582233
    },
    "BayesOpt": {
      "MAE": 0.0037146743308317403,
      "RMSE": 0.006560740838774396,
      "R2": 0.999228174456028
    }
  },
  "sarima_metrics": {
    "MAE": 0.11748668318115515,
    "RMSE": 0.2086744519431939,
    "R2": 0.21917817228059833
  },
  "sarima_best_order": [
    2,
    2,
    1,
    1
  ],
  "sarima_aic": -337279.0273889453,
  "top10_gain": {
    "irradiance_direct": 0.9359385004722434,
    "irradiance_diffuse": 0.05872835386410151,
    "y_lag1": 0.001137031970425078,
    "hour_cos": 0.0010464248708359574,
    "y_lag24": 0.0009259541597467096,
    "hour_sin": 0.0007584921513279801,
    "month": 0.00045128489742348333,
    "t2m": 0.0002999369533435853,
    "hour": 0.00027729080728885786,
    "month_sin": 0.0002258170001156009
  },
  "bottom10_gain": {
    "month_cos": 1.8633950665787725e-05,
    "irradiance_direct_roll24": 9.638657616267596e-06,
    "irradiance_direct_lag1": 7.922336640232612e-06,
    "irradiance_direct_lag24": 1.362088215368263e-06,
    "cldtot": 5.1236570622519e-07,
    "irradiance_direct_lag48": 0.0,
    "irradiance_direct_lag168": 0.0,
    "y_roll24": 0.0,
    "y_roll168": 0.0,
    "irradiance_direct_roll168": 0.0
  },
  "bayesopt_trace": {
    "3": 0.006194179569481428,
    "4": 0.005907357274266227,
    "5": 0.0058837750898461955,
    "6": 0.005561291875524028,
    "7": 0.004740886465301277,
    "8": 0.0036339762635399647,
    "9": 0.0036321376210133524,
    "10": 0.0038069449467769078,
    "11": 0.003748373186895815,
    "12": 0.0037505195430584106
  },
  "bayesopt_best_k": 9
}