scenario_name,winter_cost,summer_cost,autumn_spring_cost,annual_cost
scenario_1,48721.150199999975,23177.355899999995,37794.14669999999,1917328.3934999993
