{
  "generators": {
    "1001": {
      "type": "thermal",
      "capex": 10000,
      "cost_mwh": 10,
      "lifetime": 4,
      "discount_rate": 0.08,
      "annual_production_mwh": {
        "1": 323330.80000000005,
        "2": 333031.4016863368,
        "3": 343022.343736927,
        "4": 353292.20108,
        "5": 363915.47449069686,
        "6": 374437.69740000006,
        "7": 385676.3895227217,
        "8": 397131.78316012747,
        "9": 408482.9514541095,
        "10": 420493.45298951626,
        "11": 433169.2398946517
      },
      "annual_production_cost": {
        "1": 3233308.0000000005,
        "2": 3330314.016863368,
        "3": 3430223.4373692703,
        "4": 3532922.0108000003,
        "5": 3639154.7449069684,
        "6": 3744376.9740000004,
        "7": 3856763.895227217,
        "8": 3971317.8316012747,
        "9": 4084829.514541095,
        "10": 4204934.529895162,
        "11": 4331692.398946517
      },
      "annual_investment_cost": {
        "1": 3019.2080445403913,
        "2": 3019.2080445403913,
        "3": 3019.2080445403913,
        "4": 3019.2080445403913,
        "5": 3019.2080445403913,
        "6": 3019.2080445403913,
        "7": 3019.2080445403913,
        "8": 3019.2080445403913,
        "9": 3019.2080445403913,
        "10": 3019.2080445403913,
        "11": 3019.2080445403913
      },
      "annual_total_cost": {
        "1": 3236327.208044541,
        "2": 3333333.2249079086,
        "3": 3433242.645413811,
        "4": 3535941.218844541,
        "5": 3642173.952951509,
        "6": 3747396.182044541,
        "7": 3859783.1032717577,
        "8": 3974337.0396458153,
        "9": 4087848.7225856357,
        "10": 4207953.737939702,
        "11": 4334711.606991057
      },
      "build_years": [
        1,
        5,
        9
      ]
    },
    "1002": {
      "type": "thermal",
      "capex": 10000,
      "cost_mwh": 11,
      "lifetime": 4,
      "discount_rate": 0.08,
      "annual_production_mwh": {
        "1": 0.0,
        "2": 0.0,
        "3": 0.0,
        "4": 0.0,
        "5": 0.0,
        "6": 0.0,
        "7": 0.0,
        "8": 77.7399999999995,
        "9": 210.7286999999997,
        "10": 381.10591999999974,
        "11": 579.0387199999974
      },
      "annual_production_cost": {
        "1": 0.0,
        "2": 0.0,
        "3": 0.0,
        "4": 0.0,
        "5": 0.0,
        "6": 0.0,
        "7": 0.0,
        "8": 855.1399999999944,
        "9": 2318.0156999999967,
        "10": 4192.165119999997,
        "11": 6369.4259199999715
      },
      "annual_investment_cost": {
        "1": 0,
        "2": 0,
        "3": 0,
        "4": 0,
        "5": 0,
        "6": 0,
        "7": 0,
        "8": 3019.2080445403913,
        "9": 3019.2080445403913,
        "10": 3019.2080445403913,
        "11": 3019.2080445403913
      },
      "annual_total_cost": {
        "1": 0.0,
        "2": 0.0,
        "3": 0.0,
        "4": 0.0,
        "5": 0.0,
        "6": 0.0,
        "7": 0.0,
        "8": 3874.3480445403857,
        "9": 5337.223744540388,
        "10": 7211.373164540388,
        "11": 9388.633964540362
      },
      "build_years": [
        8
      ]
    }
  },
  "storage": {
    "3001": {
      "capex": 3500,
      "lifetime": 2,
      "discount_rate": 0.05,
      "annual_investment_cost": {
        "1": 1882.3170731707314,
        "2": 1882.3170731707314,
        "3": 1882.3170731707314,
        "4": 1882.3170731707314,
        "5": 1882.3170731707314,
        "6": 1882.3170731707314,
        "7": 1882.3170731707314,
        "8": 1882.3170731707314,
        "9": 1882.3170731707314,
        "10": 1882.3170731707314,
        "11": 1882.3170731707314
      },
      "annual_total_cost": {
        "1": 1882.3170731707314,
        "2": 1882.3170731707314,
        "3": 1882.3170731707314,
        "4": 1882.3170731707314,
        "5": 1882.3170731707314,
        "6": 1882.3170731707314,
        "7": 1882.3170731707314,
        "8": 1882.3170731707314,
        "9": 1882.3170731707314,
        "10": 1882.3170731707314,
        "11": 1882.3170731707314
      },
      "build_years": [
        1,
        3,
        5,
        7,
        9,
        11
      ]
    },
    "3002": {
      "capex": 7850,
      "lifetime": 2,
      "discount_rate": 0.06,
      "annual_investment_cost": {
        "1": 0,
        "2": 0,
        "3": 0,
        "4": 0,
        "5": 0,
        "6": 0,
        "7": 0,
        "8": 0,
        "9": 0,
        "10": 0,
        "11": 0
      },
      "annual_total_cost": {
        "1": 0,
        "2": 0,
        "3": 0,
        "4": 0,
        "5": 0,
        "6": 0,
        "7": 0,
        "8": 0,
        "9": 0,
        "10": 0,
        "11": 0
      },
      "build_years": []
    },
    "3003": {
      "capex": 4250,
      "lifetime": 3,
      "discount_rate": 0.045,
      "annual_investment_cost": {
        "1": 0,
        "2": 0,
        "3": 0,
        "4": 0,
        "5": 0,
        "6": 0,
        "7": 0,
        "8": 0,
        "9": 0,
        "10": 1546.036780468758,
        "11": 1546.036780468758
      },
      "annual_total_cost": {
        "1": 0,
        "2": 0,
        "3": 0,
        "4": 0,
        "5": 0,
        "6": 0,
        "7": 0,
        "8": 0,
        "9": 0,
        "10": 1546.036780468758,
        "11": 1546.036780468758
      },
      "build_years": [
        10
      ]
    },
    "3004": {
      "capex": 4650,
      "lifetime": 4,
      "discount_rate": 0.045,
      "annual_investment_cost": {
        "1": 0,
        "2": 1296.1579627666254,
        "3": 1296.1579627666254,
        "4": 1296.1579627666254,
        "5": 1296.1579627666254,
        "6": 1296.1579627666254,
        "7": 1296.1579627666254,
        "8": 1296.1579627666254,
        "9": 1296.1579627666254,
        "10": 1296.1579627666254,
        "11": 1296.1579627666254
      },
      "annual_total_cost": {
        "1": 0,
        "2": 1296.1579627666254,
        "3": 1296.1579627666254,
        "4": 1296.1579627666254,
        "5": 1296.1579627666254,
        "6": 1296.1579627666254,
        "7": 1296.1579627666254,
        "8": 1296.1579627666254,
        "9": 1296.1579627666254,
        "10": 1296.1579627666254,
        "11": 1296.1579627666254
      },
      "build_years": [
        2,
        6,
        10
      ]
    }
  },
  "total_annual_costs": {
    "1": 3238209.5251177116,
    "2": 3336511.6999438456,
    "3": 3436421.120449748,
    "4": 3539119.693880478,
    "5": 3645352.427987446,
    "6": 3750574.657080478,
    "7": 3862961.5783076948,
    "8": 3981389.8627262926,
    "9": 4096364.4213661132,
    "10": 4219889.622920649,
    "11": 4348824.752772004
  },
  "total_production_mwh": {
    "1": 323330.80000000005,
    "2": 333031.4016863368,
    "3": 343022.343736927,
    "4": 353292.20108,
    "5": 363915.47449069686,
    "6": 374437.69740000006,
    "7": 385676.3895227217,
    "8": 397209.52316012746,
    "9": 408693.6801541095,
    "10": 420874.55890951626,
    "11": 433748.2786146517
  }
}