{
  "generators": {
    "1001": {
      "type": "thermal",
      "capex": 0,
      "cost_mwh": 80,
      "lifetime": 30,
      "discount_rate": 0.08,
      "annual_production_mwh": {
        "1": 153162.2921636524,
        "2": 178699.97556694163,
        "3": 180103.1399298593,
        "4": 199951.50567997186,
        "5": 200699.63628664915,
        "6": 213984.0758032126,
        "7": 238801.92673477394,
        "8": 250808.9066682772,
        "9": 264611.8534572492,
        "10": 286045.6257488568,
        "11": 296864.7736391531,
        "12": 315408.4026530663,
        "13": 326672.5098404625,
        "14": 354156.1820031319,
        "15": 366179.7199521084
      },
      "annual_production_cost": {
        "1": 12252983.373092191,
        "2": 14295998.045355331,
        "3": 14408251.194388743,
        "4": 15996120.45439775,
        "5": 16055970.902931932,
        "6": 17118726.064257007,
        "7": 19104154.138781916,
        "8": 20064712.533462174,
        "9": 21168948.276579935,
        "10": 22883650.059908547,
        "11": 23749181.89113225,
        "12": 25232672.212245308,
        "13": 26133800.787236996,
        "14": 28332494.56025055,
        "15": 29294377.59616867
      },
      "annual_investment_cost": {
        "1": 0.0,
        "2": 0.0,
        "3": 0.0,
        "4": 0.0,
        "5": 0.0,
        "6": 0.0,
        "7": 0.0,
        "8": 0.0,
        "9": 0.0,
        "10": 0.0,
        "11": 0.0,
        "12": 0.0,
        "13": 0.0,
        "14": 0.0,
        "15": 0.0
      },
      "annual_total_cost": {
        "1": 12252983.373092191,
        "2": 14295998.045355331,
        "3": 14408251.194388743,
        "4": 15996120.45439775,
        "5": 16055970.902931932,
        "6": 17118726.064257007,
        "7": 19104154.138781916,
        "8": 20064712.533462174,
        "9": 21168948.276579935,
        "10": 22883650.059908547,
        "11": 23749181.89113225,
        "12": 25232672.212245308,
        "13": 26133800.787236996,
        "14": 28332494.56025055,
        "15": 29294377.59616867
      },
      "build_years": [
        1
      ]
    },
    "1002": {
      "type": "wind",
      "capex": 3000000,
      "cost_mwh": 0,
      "lifetime": 4,
      "discount_rate": 0.04,
      "annual_production_mwh": {
        "1": 139269.24966287875,
        "2": 126399.65513738432,
        "3": 137083.31833521652,
        "4": 164010.76264993765,
        "5": 156773.56198930988,
        "6": 178435.91301479316,
        "7": 161307.25432288036,
        "8": 167396.34065495234,
        "9": 185403.77284674466,
        "10": 194867.44273565122,
        "11": 172253.09765350915,
        "12": 181010.88921609378,
        "13": 192467.601322055,
        "14": 197195.623725284,
        "15": 208762.1381008936
      },
      "annual_production_cost": {
        "1": 0.0,
        "2": 0.0,
        "3": 0.0,
        "4": 0.0,
        "5": 0.0,
        "6": 0.0,
        "7": 0.0,
        "8": 0.0,
        "9": 0.0,
        "10": 0.0,
        "11": 0.0,
        "12": 0.0,
        "13": 0.0,
        "14": 0.0,
        "15": 0.0
      },
      "annual_investment_cost": {
        "1": 826470.1360944061,
        "2": 826470.1360944061,
        "3": 826470.1360944061,
        "4": 826470.1360944061,
        "5": 826470.1360944061,
        "6": 826470.1360944061,
        "7": 826470.1360944061,
        "8": 826470.1360944061,
        "9": 826470.1360944061,
        "10": 826470.1360944061,
        "11": 826470.1360944061,
        "12": 826470.1360944061,
        "13": 826470.1360944061,
        "14": 826470.1360944061,
        "15": 826470.1360944061
      },
      "annual_total_cost": {
        "1": 826470.1360944061,
        "2": 826470.1360944061,
        "3": 826470.1360944061,
        "4": 826470.1360944061,
        "5": 826470.1360944061,
        "6": 826470.1360944061,
        "7": 826470.1360944061,
        "8": 826470.1360944061,
        "9": 826470.1360944061,
        "10": 826470.1360944061,
        "11": 826470.1360944061,
        "12": 826470.1360944061,
        "13": 826470.1360944061,
        "14": 826470.1360944061,
        "15": 826470.1360944061
      },
      "build_years": [
        1,
        5,
        9,
        13
      ]
    },
    "1003": {
      "type": "solar",
      "capex": 6000000,
      "cost_mwh": 0,
      "lifetime": 6,
      "discount_rate": 0.03,
      "annual_production_mwh": {
        "1": 95428.97001280393,
        "2": 98967.4324787294,
        "3": 103396.15670090908,
        "4": 101147.9753216906,
        "5": 114900.85403713449,
        "6": 117690.03639545456,
        "7": 116093.12458500711,
        "8": 107356.83704639549,
        "9": 113345.34609394503,
        "10": 111753.78244568316,
        "11": 117048.51383506111,
        "12": 115064.2862067425,
        "13": 121215.63654746364,
        "14": 129617.92273807386,
        "15": 127121.87188792664
      },
      "annual_production_cost": {
        "1": 0.0,
        "2": 0.0,
        "3": 0.0,
        "4": 0.0,
        "5": 0.0,
        "6": 0.0,
        "7": 0.0,
        "8": 0.0,
        "9": 0.0,
        "10": 0.0,
        "11": 0.0,
        "12": 0.0,
        "13": 0.0,
        "14": 0.0,
        "15": 0.0
      },
      "annual_investment_cost": {
        "1": 1107585.0027010625,
        "2": 1107585.0027010625,
        "3": 1107585.0027010625,
        "4": 1107585.0027010625,
        "5": 1107585.0027010625,
        "6": 1107585.0027010625,
        "7": 1107585.0027010625,
        "8": 1107585.0027010625,
        "9": 1107585.0027010625,
        "10": 1107585.0027010625,
        "11": 1107585.0027010625,
        "12": 1107585.0027010625,
        "13": 1107585.0027010625,
        "14": 1107585.0027010625,
        "15": 1107585.0027010625
      },
      "annual_total_cost": {
        "1": 1107585.0027010625,
        "2": 1107585.0027010625,
        "3": 1107585.0027010625,
        "4": 1107585.0027010625,
        "5": 1107585.0027010625,
        "6": 1107585.0027010625,
        "7": 1107585.0027010625,
        "8": 1107585.0027010625,
        "9": 1107585.0027010625,
        "10": 1107585.0027010625,
        "11": 1107585.0027010625,
        "12": 1107585.0027010625,
        "13": 1107585.0027010625,
        "14": 1107585.0027010625,
        "15": 1107585.0027010625
      },
      "build_years": [
        1,
        7,
        13
      ]
    },
    "1004": {
      "type": "solar",
      "capex": 8000000,
      "cost_mwh": 70,
      "lifetime": 4,
      "discount_rate": 0.075,
      "annual_production_mwh": {
        "1": 0.0,
        "2": 0.0,
        "3": 0.0,
        "4": 0.0,
        "5": 0.0,
        "6": 0.0,
        "7": 0.0,
        "8": 0.0,
        "9": 0.0,
        "10": 0.0,
        "11": 0.0,
        "12": 0.0,
        "13": 0.0,
        "14": 0.0,
        "15": 0.0
      },
      "annual_production_cost": {
        "1": 0.0,
        "2": 0.0,
        "3": 0.0,
        "4": 0.0,
        "5": 0.0,
        "6": 0.0,
        "7": 0.0,
        "8": 0.0,
        "9": 0.0,
        "10": 0.0,
        "11": 0.0,
        "12": 0.0,
        "13": 0.0,
        "14": 0.0,
        "15": 0.0
      },
      "annual_investment_cost": {
        "1": 0,
        "2": 0,
        "3": 0,
        "4": 0,
        "5": 0,
        "6": 0,
        "7": 0,
        "8": 0,
        "9": 0,
        "10": 0,
        "11": 0,
        "12": 0,
        "13": 0,
        "14": 0,
        "15": 0
      },
      "annual_total_cost": {
        "1": 0.0,
        "2": 0.0,
        "3": 0.0,
        "4": 0.0,
        "5": 0.0,
        "6": 0.0,
        "7": 0.0,
        "8": 0.0,
        "9": 0.0,
        "10": 0.0,
        "11": 0.0,
        "12": 0.0,
        "13": 0.0,
        "14": 0.0,
        "15": 0.0
      },
      "build_years": []
    },
    "1005": {
      "type": "wind",
      "capex": 7000000,
      "cost_mwh": 0,
      "lifetime": 5,
      "discount_rate": 0.04,
      "annual_production_mwh": {
        "1": 377588.5993861529,