{
  "generators": {
    "1001": {
      "type": "thermal",
      "capex": 10000,
      "cost_mwh": 10,
      "lifetime": 4,
      "discount_rate": 0.08,
      "annual_production_mwh": {
        "1": 54060.30251180001,
        "2": 58490.557762,
        "3": 63922.04527072002,
        "4": 70056.16975812,
        "5": 77062.61575219998,
        "6": 82832.52957212999,
        "7": 87791.37779853998,
        "8": 93094.02768185001,
        "9": 102023.87335673001,
        "10": 110218.95074111997,
        "11": 117244.30698162004
      },
      "annual_production_cost": {
        "1": 540603.0251180001,
        "2": 584905.57762,
        "3": 639220.4527072002,
        "4": 700561.6975811999,
        "5": 770626.1575219999,
        "6": 828325.2957213,
        "7": 877913.7779853998,
        "8": 930940.2768185001,
        "9": 1020238.7335673,
        "10": 1102189.5074111996,
        "11": 1172443.0698162005
      },
      "annual_investment_cost": {
        "1": 3019.2080445403913,
        "2": 3019.2080445403913,
        "3": 3019.2080445403913,
        "4": 3019.2080445403913,
        "5": 3019.2080445403913,
        "6": 3019.2080445403913,
        "7": 3019.2080445403913,
        "8": 3019.2080445403913,
        "9": 3019.2080445403913,
        "10": 3019.2080445403913,
        "11": 3019.2080445403913
      },
      "annual_total_cost": {
        "1": 543622.2331625405,
        "2": 587924.7856645404,
        "3": 642239.6607517406,
        "4": 703580.9056257403,
        "5": 773645.3655665403,
        "6": 831344.5037658403,
        "7": 880932.9860299402,
        "8": 933959.4848630405,
        "9": 1023257.9416118404,
        "10": 1105208.71545574,
        "11": 1175462.277860741
      },
      "build_years": [
        1,
        5,
        9
      ]
    },
    "1002": {
      "type": "thermal",
      "capex": 10000,
      "cost_mwh": 11,
      "lifetime": 4,
      "discount_rate": 0.08,
      "annual_production_mwh": {
        "1": 0.0,
        "2": 0.0,
        "3": 0.0,
        "4": 0.0,
        "5": 0.0,
        "6": 0.0,
        "7": 0.0,
        "8": 0.0,
        "9": 0.0,
        "10": 0.0,
        "11": 0.0
      },
      "annual_production_cost": {
        "1": 0.0,
        "2": 0.0,
        "3": 0.0,
        "4": 0.0,
        "5": 0.0,
        "6": 0.0,
        "7": 0.0,
        "8": 0.0,
        "9": 0.0,
        "10": 0.0,
        "11": 0.0
      },
      "annual_investment_cost": {
        "1": 0,
        "2": 0,
        "3": 0,
        "4": 0,
        "5": 0,
        "6": 0,
        "7": 0,
        "8": 0,
        "9": 0,
        "10": 0,
        "11": 0
      },
      "annual_total_cost": {
        "1": 0.0,
        "2": 0.0,
        "3": 0.0,
        "4": 0.0,
        "5": 0.0,
        "6": 0.0,
        "7": 0.0,
        "8": 0.0,
        "9": 0.0,
        "10": 0.0,
        "11": 0.0
      },
      "build_years": []
    },
    "1003": {
      "type": "solar",
      "capex": 6000000,
      "cost_mwh": 0,
      "lifetime": 6,
      "discount_rate": 0.03,
      "annual_production_mwh": {
        "1": 84345.15171128581,
        "2": 90628.89990988886,
        "3": 90558.09770070175,
        "4": 95104.98571858201,
        "5": 96298.35789728201,
        "6": 99140.89157679124,
        "7": 99505.56480526313,
        "8": 102496.40617727311,
        "9": 102231.46257682082,
        "10": 100943.01655758636,
        "11": 105323.59594130778
      },
      "annual_production_cost": {
        "1": 0.0,
        "2": 0.0,
        "3": 0.0,
        "4": 0.0,
        "5": 0.0,
        "6": 0.0,
        "7": 0.0,
        "8": 0.0,
        "9": 0.0,
        "10": 0.0,
        "11": 0.0
      },
      "annual_investment_cost": {
        "1": 1107585.0027010625,
        "2": 1107585.0027010625,
        "3": 1107585.0027010625,
        "4": 1107585.0027010625,
        "5": 1107585.0027010625,
        "6": 1107585.0027010625,
        "7": 1107585.0027010625,
        "8": 1107585.0027010625,
        "9": 1107585.0027010625,
        "10": 1107585.0027010625,
        "11": 1107585.0027010625
      },
      "annual_total_cost": {
        "1": 1107585.0027010625,
        "2": 1107585.0027010625,
        "3": 1107585.0027010625,
        "4": 1107585.0027010625,
        "5": 1107585.0027010625,
        "6": 1107585.0027010625,
        "7": 1107585.0027010625,
        "8": 1107585.0027010625,
        "9": 1107585.0027010625,
        "10": 1107585.0027010625,
        "11": 1107585.0027010625
      },
      "build_years": [
        1,
        7
      ]
    },
    "1004": {
      "type": "solar",
      "capex": 8000000,
      "cost_mwh": 70,
      "lifetime": 4,
      "discount_rate": 0.075,
      "annual_production_mwh": {
        "1": 0.0,
        "2": 0.0,
        "3": 0.0,
        "4": 0.0,
        "5": 0.0,
        "6": 0.0,
        "7": 0.0,
        "8": 0.0,
        "9": 0.0,
        "10": 0.0,
        "11": 0.0
      },
      "annual_production_cost": {
        "1": 0.0,
        "2": 0.0,
        "3": 0.0,
        "4": 0.0,
        "5": 0.0,
        "6": 0.0,
        "7": 0.0,
        "8": 0.0,
        "9": 0.0,
        "10": 0.0,
        "11": 0.0
      },
      "annual_investment_cost": {
        "1": 0,
        "2": 0,
        "3": 0,
        "4": 0,
        "5": 0,
        "6": 0,
        "7": 0,
        "8": 0,
        "9": 0,
        "10": 0,
        "11": 0
      },
      "annual_total_cost": {
        "1": 0.0,
        "2": 0.0,
        "3": 0.0,
        "4": 0.0,
        "5": 0.0,
        "6": 0.0,
        "7": 0.0,
        "8": 0.0,
        "9": 0.0,
        "10": 0.0,
        "11": 0.0
      },
      "build_years": []
    },
    "1005": {
      "type": "wind",
      "capex": 7000000,
      "cost_mwh": 0,
      "lifetime": 5,
      "discount_rate": 0.04,
      "annual_production_mwh": {
        "1": 181930.23844651075,
        "2": 182131.21849163453,
        "3": 185885.2502812722,
        "4": 187059.7630872467,
        "5": 190425.06715626028,
        "6": 194726.0253886549,
        "7": 197719.93364570016,
        "8": 199858.43364982549,
        "9": 206203.2747517336,
        "10": 209284.244464674,
        "11": 212196.16062640122
      },
      "annual_production_cost": {
        "1": 0.0,
        "2": 0.0,
        "3": 0.0,
        "4": 0.0,
        "5": 0.0,
        "6": 0.0,
        "7": 0.0,
        "8": 0.0,
        "9": 0.0,
        "10": 0.0,
        "11": 0.0
      },
      "annual_investment_cost": {
        "1": 1572389.7944512367,
        "2": 1572389.7944512367,
        "3": 1572389.7944512367,
        "4": 1572389.7944512367,
        "5": 1572389.7944512367,
        "6": 1572389.7944512367,
        "7": 1572389.7944512367,
        "8": 1572389.7944512367,
        "9": 1572389.7944512367,
        "10": 1572389.7944512367,
        "11": 1572389.7944512367
      },
      "annual_total_cost": {
        "1": 1572389.7944512367,
        "2": 1572389.7944512367,
        "3": 1572389.7944512367,
        "4": 1572389.7944512367,
        "5": 1572389.7944512367,
        "6": 1572389.7944512367,
        "7": 1572389.7944512367,
        "8": 1572389.7944512367,
        "9": 1572389.7944512367,
        "10": 1572389.7944512367,
        "11": 1572389.7944512367
      },
      "build_years": [
        1,
        6,
        11
      ]
    },
    "1006": {
      "type": "solar",
      "capex": 4000000,
      "cost_mwh": 0,
      "lifetime": 2,
      "discount_rate": 0.03,
      "annual_production_mwh": {
        "1": 0.0,
        "2": 0.0,
        "3": 0.0,
        "4": 0.0,
        "5": 0.0,
        "6": 0.0,
        "7": 0.0,
        "8": 0.0,
        "9": 0.0,
        "10": 0.0,
        "11": 0.0
      },
      "annual_production_cost": {
        "1": 0.0,
        "2": 0.0,
        "3": 0.0,
        "4": 0.0,
        "5": 0.0,
        "6": 0.0,
        "7": 0.0,
        "8": 0.0,
        "9": 0.0,
        "10": 0.0,
        "11": 0.0
      },
      "annual_investment_cost": {
        "1": 0,
        "2": 0,
        "3": 0,